{"branches": 65.0326797385621, "coverage": 76.79057116953763}