{"branches": 67.79141104294479, "coverage": 81.28904031800114}