{"branches": 65.94594594594595, "coverage": 81.3397129186603}