{"branches": 67.47311827956989, "coverage": 81.69721315591264}