{"branches": 67.9144385026738, "coverage": 81.29657228017884}