{"branches": 70.32520325203252, "coverage": 78.75386996904025}