{"branches": 70.32520325203252, "coverage": 78.88461538461539}