{"branches": 68.27956989247312, "coverage": 82.15361445783132}