{"branches": 68.34319526627219, "coverage": 81.74009420892214}