{"branches": 68.28571428571428, "coverage": 82.60309278350515}