{"branches": 65.0326797385621, "coverage": 76.74841053587647}