{"branches": 67.5531914893617, "coverage": 81.61892901618928}