{"branches": 68.28571428571428, "coverage": 82.65227447956823}