{"branches": 66.75675675675676, "coverage": 81.74263409720474}