{"branches": 70.58823529411765, "coverage": 78.51272015655577}