{"branches": 65.64625850340136, "coverage": 76.79180887372013}