{"branches": 65.51724137931035, "coverage": 76.66874610106052}