{"branches": 73.29545454545455, "coverage": 81.53603366649132}