{"branches": 68.6046511627907, "coverage": 81.95015064365927}