{"branches": 70.76271186440678, "coverage": 78.55735120220733}