{"branches": 70.32520325203252, "coverage": 78.77030162412993}