{"branches": 69.94219653179191, "coverage": 83.32872546309096}