{"branches": 68.53932584269663, "coverage": 82.37154150197628}