{"branches": 69.94219653179191, "coverage": 83.59268359268358}