{"branches": 68.8118811881188, "coverage": 78.26086956521739}