{"branches": 67.57575757575758, "coverage": 80.9931506849315}