{"branches": 65.13157894736842, "coverage": 76.87632938316621}