{"branches": 68.53932584269663, "coverage": 82.29194363201276}