{"branches": 70.32520325203252, "coverage": 78.82761280370228}