{"branches": 69.70588235294117, "coverage": 83.2639467110741}