{"branches": 69.80198019801979, "coverage": 79.64812173086068}