{"branches": 65.25974025974025, "coverage": 77.06093189964157}