{"branches": 67.44791666666666, "coverage": 81.1089303238469}