{"branches": 68.04511278195488, "coverage": 76.72787979966611}