{"branches": 67.5531914893617, "coverage": 81.60976825317718}