{"branches": 68.37349397590361, "coverage": 81.53544410198936}